<?xml version="1.0" encoding="UTF-8" standalone="yes"?>
<applicationPatches>
    <applicationPatch>
        <applicationUuid>42f2920a-ca70-4016-b600-5cfa1417995c</applicationUuid>
        <packageInfo>
            <url></url>
        </packageInfo>
        <patchContents>
            <item>
                <type>content</type>
                <uuids>
                    <uuid>_a-0000eb9e-312c-8000-9bf9-011c48011c48_746654</uuid>
                </uuids>
            </item>
        </patchContents>
    </applicationPatch>
</applicationPatches>
